case_id,summary
50921,"During an argument with a live-in partner, the suspect took a lighter, threatened to ""cut"" the partner's throat, and then set a bedroom blanket on fire while lying next to the victim on the bed. The fire spread rapidly, filling the apartment with heavy smoke and prompting evacuation of the building. The suspect briefly urged the victim to help extinguish the fire, then left the scene in a vehicle without contacting the victim again and was later located the following day some distance away.  An arson investigator concluded the fire was deliberately ignited with an open flame rather than a smoldering cigarette."
25600,"The suspect was convicted by a jury of indecency with a child by sexual contact and indecency with a child by exposure, after being indicted on those charges along with aggravated sexual assault of a child. The opinion, an Anders brief review, does not describe the specific facts or conduct underlying the offenses.  "
17689,"Police surveilling a motel on an anonymous drug tip watched the suspect drive with two passengers, sit at a picnic table for about fifteen minutes, then leave; an officer observed the suspect commit two traffic violations. A stop revealed outstanding warrants and led to arrest, and a canine alert on the vehicle produced a bag on the driver's floorboard containing methamphetamine and marijuana, plus a broken meth pipe on a passenger and unlabeled pills in the console. The suspect admitted holding the bag for a passenger and, after being stopped, repeatedly demanded a supervisor and refused to exit the vehicle."
1151,"The suspect, while driving under the influence, made a left turn into a parking lot and collided with an oncoming motorcycle carrying two riders. The crash killed one rider, caused serious bodily injury to the other, and damaged the motorcycle. The suspect was subsequently charged with and convicted of DUI manslaughter, DUI causing serious bodily injury, and DUI causing property damage arising from this single incident."
41368,"An officer stopped a vehicle after observing the driver weaving between improperly marked lanes. After being taken to a police station, the driver's breath test showed a blood alcohol concentration of 0.160%. The driver was subsequently charged with violating the territory's DUI law. The driver later claimed to have requested a blood test instead of the breath test, but only the breath test was administered."
37558,"The suspect pleaded no contest to criminal trespassing and criminal damaging, leading to a guilty finding on both charges after the prosecution agreed to dismiss an accompanying assault charge. Years later, the suspect was convicted twice more for domestic violence and once for a reduced charge stemming from another domestic violence complaint. These subsequent convictions were later cited by the state in opposing the suspect's request to seal the earlier trespassing and damaging convictions."
23703,"The suspect and an acquaintance arranged to meet the victim for a drug transaction; during the meeting the victim was robbed and shot in the suspect's van and later found dead with a gunshot wound and cash missing. The suspect initially lied to police about the van's whereabouts, then burned the van two days later, and texted a family member admitting involvement and possessing thousands of dollars in cash immediately after the robbery. Cell phone location data placed the suspect near the scene at the time of the killing. The suspect pleaded guilty to facilitation of first degree murder."
29429,"The suspect began private Snapchat messages with a fourteen-year-old, complimenting her appearance and asking about her clothing, and told her to delete their messages and keep their contact secret. The suspect invited her to go for a drive alone and instructed her not to tell anyone. During a sleepover, while alone with the minor in a bedroom, the suspect pulled her close, held her chin, and asked for a kiss, which she refused; the next day the suspect struck her buttocks. The minor later disclosed the conduct, leading to charges of enticing a minor and assault."
11234,"The suspect was accused of strangling and sexually assaulting a victim whose body was found in a cemetery, with evidence including fractured larynx, extensive genital and anal injuries, and a twig lodged deep in the rectum. The suspect fled the scene, later confessed to a spouse that they had killed the victim, and at trial admitted to the killing but claimed it was accidental during consensual rough sex, a version contradicted by forensic testimony. DNA evidence linked the suspect to the victim, and a prior conviction showed the suspect had previously choked and raped another victim under similar circumstances."
5777,"The suspect, a company founder and CEO, initially requested IP addresses lawfully but by 2014 began creating fictitious shell companies and inventing fake corporate officers to submit fraudulent documentation to the registry overseeing IP address allocation. Through this scheme, the suspect fraudulently obtained approximately 1.3 million IPv4 addresses and sold some through brokers for about $3.3 million in profits. The scheme was uncovered when the registry flagged an attempted $6 million sale and blocked the transfer.atural"
8092,"Over several years, the suspect repeatedly committed domestic violence against a partner, often in the presence of their children. In one incident, the suspect entered the victim's home despite being banned from the property and violently assaulted the victim, resulting in arrest on charges including strangulation, domestic violence, criminal trespassing, and driving on a suspended license. The suspect also repeatedly violated court-issued protection orders, including contacting the victim from jail and being found with the victim during a traffic stop. Despite interventions, the pattern of violence and protection-order violations continued throughout the proceedings."
24122,"A suspect who employed a family and provided them housing began tutoring their 14-year-old child, then sent sexually suggestive texts, rubbed the child's legs, hugged her, and once tried to remove her clothes, warning her not to tell anyone or things would go badly for her family. Later, alone with the child, the suspect removed both their shirts and touched her breasts until the child's mother arrived and found the door locked. The suspect fled after being charged and remained a fugitive for years before being located and tried, ultimately convicted of child molestation and sexual battery."
38558,"The primary subject was arrested and criminally charged with operating a vehicle while intoxicated while a six-month-old child was present in the car. This incident led to a child protective investigation, which also revealed unstable housing, untreated mental-health issues, and inadequate supervision of the child. The suspect continued to abuse alcohol over the following two years, at times appearing intoxicated during scheduled visits with the child."
7391,"The suspect served as trustee over a special needs trust and, while managing the trust's accounts, wrongfully withdrew and transferred funds totaling $283,611.63 belonging to the beneficiary. The suspect also moved money between different clients' trust accounts, including depositing other victims' funds into the beneficiary's account and vice versa, obscuring the actual amounts taken. The suspect later pleaded guilty to attempted theft, theft, and money laundering charges and was ordered to pay restitution to multiple victims."
6948,"The suspect was indicted on charges including rape, gross sexual imposition, illegal use of a minor in nudity-oriented material, endangering children, and pandering sexually oriented material involving a minor. The suspect later pled guilty to all seven charges, and the plea was found to be knowing, intelligent, and voluntary. The opinion does not provide further factual details about how the underlying offenses were committed."
35774,"The suspect was convicted of armed robbery after two eyewitnesses at trial identified the suspect as the individual armed with a firearm during the robbery and corroborated details of the offense. Years later, one witness recanted, claiming no robbery occurred and that trial testimony was false, but the court found the recantation not credible given inconsistencies and the corroborating testimony of two other eyewitnesses."
50671,"The suspect was convicted by a jury of attempted aggravated sexual assault of a child. Before sentencing, the suspect entered a plea agreement with the prosecution, receiving a seven-year sentence in exchange for dismissal of another charge and a waiver of appeal rights. The opinion does not describe the specific facts of the underlying assault."
43863,"During a late evening traffic stop attempt in a city, the suspect was caught speeding and, upon an officer's signal to stop, rapidly accelerated and fled. Officers from multiple jurisdictions pursued the suspect at high speeds, covering about eight miles in four minutes with speeds up to 140 mph. Despite police deploying stop sticks that struck the vehicle, the suspect continued fleeing until losing control after crossing railroad tracks, crashing into two parked cars and a light pole, severely injuring a passenger."
51749,"The suspect was seen on a home security camera approaching a back door before fleeing when noticed. Shortly after, at another residence, the suspect emerged from the front door demanding money, confronted the resident, displayed a knife, cut the resident while grabbing a phone, and fled with jewelry and medications in a maroon sedan. The suspect was later identified through a neighborhood social media post, facial recognition, cell phone location data, and pawned jewelry matching stolen items."
56891,"At a New Year's Eve party held at a private residence, a suspect purchased alcohol at a convenience store on the way and gave alcoholic drinks to an attendee, causing both to become intoxicated. During the party, that suspect took the intoxicated attendee into a bedroom and forced sex upon them. The case does not detail how the suspect was later identified or apprehended, focusing instead on subsequent civil litigation over alcohol provision and supervision at the party."
15037,"Outside a nightclub after closing, gunfire erupted amid roughly 800 departing patrons, striking two people, one of whom died. Two eyewitnesses identified the suspect as the shooter: one who had known the suspect for years watched from close range as the suspect lifted a hoodie, drew a firearm, and shot the victim, while another, unfamiliar with the suspect, focused on the shooter for several seconds and later made a photo lineup identification. Cellphone records placed the suspect's phone near the crime scene shortly before and after the shooting, and upon arrest the suspect spontaneously asked what the penalty for murder was before falsely denying having been in the area.'"
6660,"The suspect's former spouse discovered a small taped device hidden in the coat pocket of their young child after picking the child up from a parenting exchange; the device turned out to be a recorder containing several hours of audio recorded inside the ex-spouse's home without consent. The suspect claimed the child must have grabbed the device off a kitchen counter, but the counter was higher than nearby seating, undermining that explanation. After the ex-spouse refused to return the device, the suspect made hostile comments, including calling the ex-spouse a ""sociopath"" and telling them to ""f*** off."" The court found the suspect had deliberately placed the recording device to surreptitiously capture private conversations.
"
25462,"The suspect received a firearm from a family member's partner, later selling it to an individual who was working as a confidential informant. A few days after the sale, the suspect was arrested and subsequently charged with grand theft for possessing and disposing of the stolen firearm. The suspect was convicted at trial on both charges."
35294,"The suspect picked up a woman at an Indianapolis truck stop and, evidence showed, shot her in the head with a rifle before driving south toward Nashville. The suspect was stopped by police, who found bloody clothing in the truck, and later admitted the victim was shot, her head covered with a bag and taped, and that the suspect had cleaned blood from the truck. The victim's remains, showing a gunshot wound, were later found along the interstate route in a wooded area. DNA and physical evidence, including the victim's blood, ATM card, and cell phone, linked the suspect to the killing."
37545,"The defendant kept possession of a car belonging to a family member after the family member withdrew permission to use it. During the unauthorized period, the defendant used the vehicle, including sleeping in it. The trial court found this conduct constituted unauthorized use of a motor vehicle, in violation of the defendant's probation conditions."
39642,"An officer patrolling a high-crime area followed a vehicle to a four-way stop, where the driver failed to signal until after the officer courteously flashed headlights, then turned and later pulled to the curb without signaling. When the officer approached to get identification, the driver fled on foot but was pursued and arrested. A subsequent search of the vehicle revealed suspected cocaine, leading to a felony drug possession charge.'"
44397,"The suspect was charged with aggravated theft for allegedly exploiting a processing error in a company's cash payment app to obtain approximately $157,897.38 between July and December 2022. The charge was later dismissed at the prosecutor's and an investigating gaming-commission officer's recommendation. The case on appeal concerned the suspect's subsequent motion to seal the dismissed record, not further details of the underlying theft.
"
21605,"An officer responding to a report of a parked, running vehicle found the suspect asleep inside at a park entrance around 3:00 a.m. The suspect had slurred speech, constricted pupils, and slow responses, initially refused to exit the vehicle, and failed several field sobriety tests indicating drug impairment. The suspect was arrested for OVI, and a subsequent inventory search of the vehicle uncovered a suspected methamphetamine pipe."
18916,"Late at night, a police sergeant observed a driver crossing the fog line and committing multiple marked lane violations, then stopped the vehicle. Upon contact, the officer smelled a strong odor of alcohol, noticed the driver's eyes were glassy and red, and learned the driver's out-of-state license was suspended and that stated travel directions were inconsistent. Field sobriety tests were administered, with the driver losing balance during one; the driver was arrested for operating a vehicle under the influence and later admitted to drinking."
8357,"The suspect, a registered sex offender previously convicted of unlawful sexual contact and solicitation of a child, was found on probation to possess a smartphone containing hundreds of pornographic images, child erotica, and multiple images of child-sexual-abuse material, including exposed genitalia of infants and young children. Suspicious search terms unrelated to medical topics were found on the device. The suspect claimed the images were for researching a genital medical condition or past abuse, and blamed a housemate, but this explanation was found not credible, resulting in a probation violation for possessing pornography and committing a new offense of possessing child-sexual-abuse material."
2130,"The suspect illegally sold methamphetamine to a confidential informant on four separate occasions over the course of a month. Based on these transactions, the suspect was indicted on five counts of aggravated trafficking in drugs. The suspect later pleaded guilty to all five counts."
7876,"As an official at a religious archdiocese, the suspect abused a position of trust by directing organizational funds to entities under false pretenses, claiming they would provide anti-bullying and professional development programs. After avoiding conviction on related charges due to a jurisdictional technicality, the suspect launched a larger fraud scheme using entities purportedly involving service animals to obtain millions in Paycheck Protection Program and disaster loan funds, defrauding the government and nonprofit of over $2,500,000 over several years."
1029,"Officers responded to a domestic disturbance report and, after the suspect's spouse showed a head injury, determined there was probable cause to arrest the suspect for domestic battery. When informed of the arrest, the suspect said they was not going to jail, walked into a bedroom, refused to place their hands behind their back, and pulled against the officer while being handcuffed. After being handcuffed, the suspect tried to move toward their spouse while being led outside, requiring the officer to use body weight to hold them back."
10573,"The suspect committed robbery with a deadly weapon and was subsequently convicted of that offense. Because the suspect had been released from prison within three years before committing this robbery, the sentencing judge, rather than a jury, found facts qualifying the suspect as a Prison Releasee Reoffender, triggering a mandatory life sentence. The suspect later challenged this sentencing procedure, arguing the judge-made finding violated constitutional jury-trial rights."
3361,"While wanted on active federal and parole-violation warrants, the suspect was tracked to a residence where a task force found the suspect hiding under a bed after an occupant confirmed the suspect lived there. The suspect surrendered upon verbal commands, and a subsequent search of the bedroom uncovered a large quantity of cash and a bookbag containing over 730 grams of methamphetamine. A firearm was later found during a second search of the same residence."
33958,"After the suspect's elderly mother fell at home, the suspect found the victim on the floor but left the victim there for several days, offering only intermittent food, water, and heaters while the victim's condition worsened. The victim developed urine and feces soaking her clothing, pressure sores, dehydration, and sepsis before the suspect called emergency services on the fourth day. The victim later died from complications, including gangrene and organ failure, resulting from prolonged immobility on the floor."
32751,"Over one week, the suspect had sexual contact with three minors, aged eleven and twelve, resulting in convictions for third-degree sexual assault on a child and lascivious acts with a child. While incarcerated, the suspect engaged in numerous consensual sexual encounters violating prison rules, made a sexually suggestive threat toward another inmate, and was removed from sex offender treatment after having a cellmate touch genitals. The suspect later disclosed a sexual history beginning at age ten involving other minors and animals, and described the original offenses as impulsive, stating a desire to simply do what was wanted at the time.
"
1657,"Deputies stopped a vehicle the suspect was driving, and while one deputy spoke with the suspect and passenger, the other observed body armor within the suspect's reach in the back seat. Knowing the suspect was a convicted felon, the deputy questioned the suspect, who admitted a friend had given the armor and stated an intent to return it later. The suspect was arrested and charged with felon in possession of body armor.
"
6847,"The defendant was charged with assault causing bodily injury against a family member and released on bond that prohibited direct or indirect contact with the complainant. Several months later, the defendant was indicted for violating the no-contact bond condition on two or more occasions within a twelve-month period. The defendant was subsequently convicted of the bond-violation offense and sentenced to a probated term of incarceration and a fine."
9278,"A physician operating a solo medical clinic prescribed large volumes of controlled substances, including opioid, benzodiazepine, and sedative combinations, to patients who exhibited red flags such as doctor shopping, requesting drugs by name, failed drug screens, and drug diversion, often without physical examinations and with falsified medical records. The physician continued prescribing despite knowledge of patients' substance abuse issues, and one patient died from an overdose of prescribed oxycodone. After DEA agents questioned the physician about prescribing practices, prescription volumes dropped significantly, suggesting awareness of wrongdoing. A jury convicted the physician on twenty-one counts of unlawful distribution of controlled substances."
27132,"The suspect was convicted of sexually abusing two family members over an extended period, with the abuse occurring repeatedly across multiple years beginning when the victims were children. Both victims reported the abuse to police decades later and testified at trial describing the repeated incidents. The suspect denied ever abusing either victim, arguing physical conditions made the alleged abuse impossible and highlighting inconsistencies in the victims' accounts.
"
21322,"The suspect pleaded guilty to possessing a controlled substance with intent to deliver. The trial court found that the suspect used or exhibited a deadly weapon, a firearm, during commission of the offense. No further details about the manner of the offense are provided in the opinion."
2390,"The suspect faced three pending felony cases: two involving attempted sexual battery against strangers in public, and one involving battery on an on-duty correctional officer during a dispute over medical treatment. After being released into a community-based living facility, the suspect allegedly again attempted to commit sexual battery on a stranger in public. Evaluations showed the suspect suffered from severe psychotic symptoms and had a history of substance abuse and inconsistent medication compliance."
13340,"The suspect was charged with murder and related offenses after a shooting death that occurred around 2:15 a.m. The suspect was arrested and, hours later, was interrogated by a detective at a police station. During the interview, after invoking rights to counsel and silence, the suspect eventually made incriminating statements to the detective about the shooting following further questioning."
15389,"At a church meal program, the suspect followed an elderly volunteer into a stairwell, sexually assualting her until bystanders intervened. Minutes later, as another volunteer escorted the first victim away, the suspect slapped or grabbed her buttocks in passing. Shortly after, the suspect followed a third volunteer into an elevator and ran their hand up her buttocks while saying ""help me"", stopping only when a witness objected. The suspect then hid from staff, denied wrongdoing to police, and was arrested."
41215,"Two people died from gunshot wounds in Somerton, Arizona, and the suspect was arrested afterward. During a search of the suspect's vehicle, police discovered a firearm. The suspect, who had a prior felony conviction, was subsequently charged with two counts of first-degree murder, attempted first-degree murder, aggravated assault, misconduct involving weapons for prohibited possession of that firearm, and unlawful flight from a pursuing law enforcement vehicle."
54825,"The defendant exploited a position of trust as the family babysitter's employer to initiate an inappropriate sexual relationship with the underage victim, manipulating the victim's insecurities and undermining the victim's religious commitment to remain a virgin. The defendant pleaded guilty to aggravated statutory rape after grooming the victim over time rather than acting impulsively. When initially questioned by law enforcement, the defendant did not take the opportunity to admit responsibility for the conduct."
44091,"The suspect was indicted on charges of trafficking in cocaine and possession of cocaine, each with a major drug offender specification. The suspect pleaded guilty to one count of trafficking in cocaine along with the major drug offender specification, and the remaining charges were dismissed. The opinion does not describe the specific facts or conduct underlying the drug offense.'"
20522,"The suspect was indicted for abduction with a firearm specification, unlawful restraint, telecommunications harassment, and two counts of aggravated menacing, after an incident causing harm to victims requiring restitution. The suspect later pleaded guilty to abduction without the firearm specification and to both aggravated menacing counts, admitting to committing the underlying allegations. At sentencing, when asked why the incident occurred, the suspect attributed the conduct to drinking alcohol and a series of poor judgments. The suspect also reportedly disarmed a co-defendant during the incident and later apologized to the victims."
39748,"The suspect was indicted on multiple felony drug trafficking charges in two separate cases, ultimately pleading guilty to one count of aggravated trafficking in drugs in each case (a second-degree felony and a third-degree felony). The opinion does not describe the specific manner in which the trafficking occurred or how the suspect was identified or apprehended, focusing instead on the guilty plea and subsequent appeal."
32772,"The Iowa Department of Health and Human Services determined that the suspect denied critical care to a child or failed to provide proper supervision, an incident that also led to a child endangerment charge. The suspect pleaded guilty to simple-misdemeanor assault to resolve the criminal case. Based on this incident, the department placed the suspect on the central registry for founded child abuse."
44075,"The suspect pled guilty to enticing a child through the use of the internet or another communication device, resulting in a suspended sentence and probation with conditions restricting contact with minors. While on probation, the suspect was later accused of contacting multiple juveniles via social media, accessing pornography on a smartphone, and failing to surrender that phone as required, despite treatment restrictions meant to protect the public."
12335,"Following a report of a family dispute, law enforcement issued a bulletin identifying the suspect as driving a red Toyota Camry. When an officer activated emergency lights to initiate a traffic stop, the driver initially appeared to pull over but then sped away through a residential neighborhood, reaching 60-65 mph in a 25 mph zone, passing another vehicle, and running a stop sign. Officers did not pursue per department policy, but two officers identified the suspect as the driver based on prior familiarity with his appearance. A warrant was later issued for the suspect's arrest."
46291,"During an argument that began when the suspect cursed at a family in a restaurant parking lot, the victim approached and asked what was happening. The suspect told the victim to leave, then, according to multiple witnesses, exited the car and shot the unarmed victim multiple times from several feet away, striking the victim in the head and leg. After the shooting, the suspect fled the scene with a companion who retrieved the firearm, later returning when contacted by police. The victim suffered a serious head injury requiring surgery and partial skull removal.
"
29524,"A police officer stopped a vehicle for having an illegible license plate. Upon approaching, the officer observed signs of intoxication, reddish eyes, strong odor of alcohol, and sweating, and made the appropriate warnings before arresting the driver. The driver voluntarily consented to a breathalyzer test at the police station roughly 24 minutes later, which registered 0.128% blood alcohol content, without a field sobriety test being administered at the scene."
51811,"During a domestic argument, the suspect became upset over missing a family event and grew agitated with a partner. The suspect grabbed the partner's purse, which contained a firearm, and stated that if the suspect wanted to do something, it could not be stopped by law enforcement. The partner left the residence, and while driving away heard a gunshot; a trial court found it more likely than not that the suspect fired the weapon."
2588,"The suspect was indicted on multiple counts of rape, sexual battery, and gross sexual imposition involving two minors. The suspect later entered no contest pleas to one count of attempted rape and one count of rape, with the remaining charges dismissed. The suspect was sentenced to a consecutive mandatory prison term of nineteen years for these offenses."
21076,"The suspect, acting as stepparent to two minor stepdaughters, repeatedly raped and sexually assaulted them over multiple years, beginning when one victim was 14 and continuing for years, with the other victim abused twice over a seven-year span. The suspect used the parental relationship to facilitate the abuse and isolate the victims from family and community, causing them serious physical and psychological harm, including PTSD, panic attacks, and seizures. The suspect confessed to forcing the minors into sexual intercourse and pleaded guilty to eight counts of rape."
6416,"Early one morning, during a car-break-in spree, a victim confronted the group; a witness saw the defendant exit a car and shoot the victim multiple times, later bragging about killing him. The next evening, after an argument escalated, the defendant told a second victim ""I will shoot you"" and shot him once in the chest in front of multiple witnesses before fleeing. The defendant was later arrested on an unrelated warrant; the firearm used in both shootings was never recovered, though forensic testing linked casings from both scenes to a single weapon.
"
759,"During a New Year's Eve gathering, an altercation prompted the victim's sibling to arrive and pick them up; the suspect then arrived armed with a handgun, shouted orders to two accomplices to strip and shoot the victim and the sibling, and fled bystanders escaped while the victim was robbed and shot. The suspect and accomplices fired numerous rounds into the victim's vehicle, killing the victim, with dozens of shell casings recovered at the scene. The suspect was later arrested pursuant to a warrant and made statements to police during a post-arrest interview."
25089,"On a specific date in a coastal area, the primary suspect allegedly destroyed or damaged property belonging to another, valued over $500, and took the law into their own hands rather than seeking proper authorities. The suspect was also accused of conspiring to threaten or intimidate justice system officials and using violence or intimidation against public authority. An alleged accomplice was accused of acting in agreement with the suspect to commit the property destruction and vigilante conduct."
5569,"Police surveilling a suspected drug trafficker observed the suspect drive a car involved in a minor traffic violation, prompting a stop. A drug-detection dog circling the car exhibited behavioral changes (rapid breathing, head turn) indicating it smelled narcotics, though it did not give a formal trained alert. Officers searched the vehicle and found methamphetamine, cocaine, fentanyl, and alprazolam concealed in a sunglasses compartment, leading to drug distribution charges and an obstruction charge against the driver."
35143,"During a nighttime traffic stop for a seatbelt violation, the suspect reversed the vehicle and fled, prompting officers to pursue for about 20 minutes until the suspect crashed into a tree and fence in a wooded area, then fled on foot before being caught and arrested for obstruction. While checking the crashed vehicle for occupants, an officer inadvertently observed bags containing a white powder resembling cocaine in plain view, leading to additional drug charges."
53583,"The defendant killed a bull elk and a cow elk while hunting with a family member inside a state wildlife refuge that was closed to public access during winter closure, crossing a cable gate despite seeing posted closure signs. The defendant had no license, tag, or permit to hunt elk and no valid treaty hunting right authorizing the taking, though a family member believed treaty rights permitted the hunt. The defendant stipulated to knowingly killing both elk on the closed, state-owned refuge land."
23479,"Officers responded to a disturbance where the victim reported that after breaking up with the suspect, the suspect asked the victim to return items, then confronted the victim outside, grabbed the victim by the neck with both hands, and choked them until they lost consciousness. Witnesses saw the suspect pushing the victim into an apartment and later observed the suspect gripping the victim by the shoulder during a struggle before fleeing and throwing eggs at bystanders. The victim exhibited visible distress, hyperventilation, a raspy voice, and neck redness afterward."
12592,"A physician was charged with unlawfully distributing oxycodone after prescribing the drug to a patient on six occasions, despite knowing the patient was addicted to opioids and each prescription following a positive drug test for heroin or cocaine; the patient died of an opioid-related overdose days after the final prescription. The physician pled guilty to all six counts. On appeal, the physician argued the guilty plea was invalid for lack of proper mens rea instruction, but this claim was rejected as procedurally defaulted."
8685,The suspect was charged with breaking into the victim's office and stealing a pistol and a nail gun. The suspect later pleaded guilty to attempted breaking and entering and petty theft.
45219,"A pedestrian was struck and killed by a vehicle in front of their home early one morning. The driver fled the scene without stopping and was later identified, arrested, and charged with leaving the scene of an accident resulting in injury or death, a Class C felony. Investigating officers found no evidence supporting a more serious charge, treating the death as the result of a traffic accident. The driver was later convicted and sentenced for the leaving-the-scene offense."
34059,"The suspect pleaded guilty to multiple offenses including domestic violence, aggravated menacing, menacing by stalking, and telecommunications harassment against a victim. The conduct included sending death-threat letters and electronic posts causing the victim to fear physical harm to themselves and family members, as well as making threatening telephone calls. These acts occurred on separate dates across March and April, involving distinct methods of threatening the victim."
9559,"A supervised releasee with a history of alcohol-related crimes, on release following a methamphetamine conspiracy conviction, became frustrated with a partner and drank an entire bottle of liquor until blacking out. This led to a physical and verbal altercation with the partner, prompting a police response and arrest. In police custody, the suspect slipped handcuffs to the front, tried to damage the patrol car, and was pepper-sprayed; at the jail, the suspect flooded a cell, kicked the door, urinated on the floor, and threw feces. The suspect was subsequently charged with domestic battery and resisting arrest and had supervised release revoked."
29369,"The suspect committed multiple burglary and theft offenses in a county over several months. While later held in another jurisdiction on unrelated charges, the suspect was identified as a suspect in these offenses and, after being read Miranda rights, admitted involvement during a police interview. Arrest warrants were obtained but not executed for roughly three years, during which the suspect remained in custody for the unrelated matter before eventually being arrested and charged for these offenses."
37229,"Over about a month, the suspect repeatedly assaulted a cohabiting romantic partner. Incidents included grabbing the victim by the throat and slamming their head into a garage door and concrete floor, striking the victim's head with a wooden board while threatening to kill them, hitting the victim's face and leg with a screwdriver, and later punching the victim in the face. Days after the final assault, the victim was hospitalized with a brain bleed requiring emergency surgery and a medically induced coma."
12866,"Following reports of an emaciated, lethargic dog with open wounds, animal control officers investigated, and the dog was later euthanized by the Humane Society. The dog's registered owner was charged with felony animal neglect/abandonment causing serious injury. The suspect pled no contest and was placed on probation, with a condition requiring reimbursement to the Humane Society for costs of pickup, removal, euthanasia, and necropsy of the animal."
32780,"Police responded to a reported domestic disturbance and were told by the suspect's spouse that the suspect was upstairs, had an outstanding arrest warrant, and kept a firearm in a black bag near the bed. The suspect had an active warrant and was arrested; officers did not immediately find the bag. Based on the spouse's statements, officers obtained a search warrant and found the bag hidden under carpet on the porch, containing drug paraphernalia and a pistol, leading to a felon-in-possession firearm charge."
41242,"While driving on a state highway around midday, the suspect crossed the center line and collided head-on with an oncoming vehicle carrying two occupants, both of whom suffered serious injuries requiring life-flight transport. A search of the suspect's vehicle revealed alcohol, and blood testing showed a blood alcohol content of 0.144. The suspect was later found guilty of two counts of aggravated vehicular assault and OVI after entering a no-contest plea."
8948,"The defendant was arrested in connection with a fatal shooting after a victim was found pinned between a crashed vehicle and a house, having suffered gunshot wounds and blunt force trauma. During a videorecorded police interrogation, the defendant initially claimed the vehicle had been carjacked, but after being confronted with alleged surveillance footage and inconsistencies, invoked the right to counsel. Following a lengthy delay in which no attorney was secured, the defendant resumed talking to police and ultimately admitted to shooting the victim and striking them with a car, claiming self-defense."
3062,"A 14-year-old was fatally shot 15 times while walking with the suspect near a residence where the suspect's romantic partner lived. Surveillance video showed the suspect pause as if tying a shoe, then shoot the victim in the back as he walked ahead, continuing to fire as the victim lay on the ground before fleeing. An anonymous tip, cell phone location data, social media posts showing the suspect with a matching firearm, and post-shooting internet searches about the murder linked the suspect to the killing.The suspect and victim had communicated online, and the victim had recently been spending time with the suspect's partner."
473,"The suspect's child was found unresponsive in the carport with a single gunshot wound to the chest at the family home. The suspect told responding officers and detectives that the child had collapsed in the washroom and that the suspect left to seek help. Investigators found reports of prior disturbances between the suspect and a partner, who was confirmed via hotel receipt and security video to have been elsewhere at the time. The suspect was convicted of first-degree murder and using a firearm to commit the offense."
49952,"The defendant was indicted on multiple drug trafficking and possession charges occurring on separate dates in April and May, plus having weapons while under disability after being found with a firearm despite a prior felony drug conviction. A separate case charged additional weapons and drug possession offenses occurring later. The defendant pleaded guilty to amended charges including attempted aggravated trafficking, aggravated trafficking with money forfeiture, and having weapons while under disability with weapon forfeiture."
40931,"The suspect pleaded guilty to online solicitation of a minor and was placed on deferred adjudication community supervision. While on supervision, the suspect failed to comply with multiple conditions, including failing to register as a sex offender, leading to a new charge for that offense. The suspect later pleaded true to the supervision violations and guilty to the failure-to-register charge."
12703,"The suspect pleaded guilty to transportation and possession of child pornography. Evidence showed the suspect participated in online chatrooms that required members to submit child pornography images in order to join and to receive additional such images from other participants, showing an implicit agreement to exchange the material for more child pornography. The suspect also had a separate prior state offense for sexual assault of a child. The suspect was sentenced to 360 months in prison."
52599,"A stolen flatbed truck was reported missing from a property after a shop was broken into and ransacked. A witness later found the truck broken down on a rural road with two people, one of whom was the defendant; both declined offers of help, gave a vague explanation, and later abandoned the vehicle. When police approached and drew weapons, the defendant fled into a snowy field, hiding until developing hypothermia. No evidence directly linked defendant to the theft itself or showed they recognized the truck as stolen."
4763,"A hunter shot a mule deer while hunting near a state border, then claimed the deer wandered into the other state before dying and was field dressed there. Investigators found physical evidence including tracks, a kick-out spot, a suspected shooting location, and bullet fragments in the carcass all located in the other state, with no tracks indicating the deer crossed from the inital state. A rival hunting group heard a gunshot and observed the hunter and a guide field dressing the deer only minutes later at the spot where it had been seen bedded down in the other state. The hunter was convicted of wanton destruction of protected wildlife for illegally shooting the deer in the other state."
49807,"During execution of a search warrant at a residence with an attached trailer, officers found a suspect inside the trailer and, upon searching it, discovered a rifle in plain view in the kitchen and a handgun hidden in a clothes hamper with nearby ammunition, along with mail addressed to the suspect. The suspect, a previously convicted felon, testified the trailer belonged to a relative, denied knowledge of the firearms, and claimed multiple people had access to the trailer.  A jury found the suspect guilty of felon-in-possession of a firearm as a habitual offender.  No fingerprint testing was conducted on the weapons."
14397,"The suspect had been sexually trafficking and sexually assaulting a minor victim; after learning of a pending arrest warrant, the suspect fled, purchased disguises and an untraceable phone, and stated there would be ""no witness, no case."" The suspect returned, forced entry into the victim's family home using a fake pizza delivery, and shot the stepfather, while an accomplice shot and killed the suspect's intended target's family member and wounded two others, mistaking her for the intended victim. The suspect was identified by voice and sight by survivors and was later apprehended in disguise driving the vehicle used in the crime."
13641,"During an altercation with a romantic partner, the suspect allegedly fired a gun inside a residence; a subsequent search recovered a pistol and a rifle. After arrest, the suspect admitted to possessing both firearms while knowing of a prior felony conviction and being prohibited from possessing firearms. The suspect also had a prior misdemeanor domestic battery conviction, leading to federal firearm-possession charges"
21301,"After a romantic partner reported that the suspect had taken a gun and threatened suicide, the suspect discharged a firearm in a home garage, then armed with a pistol emerged shouting threats at responding deputies and hostile statements toward a detective. Deputies blocked the surrounding roadway and drew weapons; the suspect attempted suicide by shooting at their own head, causing the gun to misfire, then racked the slide to make it operable again. After being struck by a non-lethal beanbag round, the suspect ran back for the gun and was shot and apprehended by an officer using a rifle. The suspect, who was under a legal disability barring firearm possession, was convicted of having weapons while under disability and inducing panic due to the public roadway disruption caused by the standoff."
43568,"Following a prior altercation and a court-ordered no-contact provision, the suspect repeatedly drove by and lingered near the victims' home, prompting 911 calls, and later fired gunshots near their property. When deputies located the suspect in a parked truck, the suspect pointed a revolver at an officer's face after being addressed, only lowering it after repeated commands, then physically resisted arrest, and was found with alcohol in the vehicle."
39746,"After an argument with their adult daughter, the suspect drove a pickup truck into her, then fled when police arrived and led officers on a high-speed chase while brandishing a shotgun and rifle out the window. During the pursuit the suspect fired the shotgun toward officers who had deployed tire-deflation devices, was struck by return gunfire, and then crashed into two parked police cruisers, seriously injuring an officer inside one vehicle. Methamphetamine was also found in the suspect's truck after the crash."
51059,"The suspect, a self-styled inventor of medical treatments, defrauded a business associate out of hundreds of thousands of dollars through falsified financial documents and impersonation. When the victim threatened to report this fraud to authorities while the suspect was negotiating a lucrative corporate merger based on fabricated scientific credentials, the suspect paid hush money and then arranged a murder-for-hire, hiring intermediaries who hired a hitman who abducted and killed the victim. Days later the merger closed, securing the suspect substantial company shares; the scheme was uncovered years later upon the suspect's arrest and eventual conviction for murder-for-hire and related conspiracy charges.
"
45034,"Police responded to a domestic disturbance call reporting that a person involved had access to a firearm and a history of mental illness. Officers located the suspect at the residence, and the suspect's parents led an officer to the suspect's bedroom, where a rifle and two boxes of ammunition were found. The suspect acknowledged owning the rifle, which had been purchased previously, though it was not in physical possession at the time. The suspect was under a disability related to prior mental health commitment or adjudication that legally prohibited firearm possession."
23025,"After drinking at bars, the suspect drove a truck the wrong way on an interstate around 2:00 a.m. and collided head-on with another vehicle, killing one passenger and seriously injuring another. A blood sample taken pursuant to warrant showed a blood alcohol concentration of 0.191. The suspect argued the sample was unreliable due to a manufacturer recall of defective test tubes, but evidence showed the tube used contained proper anticoagulant powder."
20241,"The suspect stabbed a roommate to death, inflicting twelve wounds to the face, head, and neck, then left the body wrapped in a knotted sheet in a nearby alley. The suspect left town for the weekend, missing scheduled work shifts, and gave police false and inconsistent accounts of their whereabouts that were contradicted by bus schedules, work records, and banking transactions. Investigators found extensive blood stains in the shared apartment and the suspect's DNA on the sheet wrapping the victim's body."
47397,"The suspect was indicted for family violence aggravated battery after fracturing the victim's ankle, family violence aggravated assault, hindering an emergency telephone call, and criminal damage to property for breaking the victim's iPhone during an altercation. The suspect pleaded guilty only to the criminal damage to property charge, while the other charges were dismissed as part of a negotiated plea agreement. The victim testified about the broken iPhone and the medical expenses incurred from the fractured ankle."
42748,"The suspect's spouse died from a single gunshot wound to the neck at their shared residence after the suspect delayed hours before contacting authorities, initially telling family members the spouse had shot themself. When law enforcement arrived, the suspect gave inconsistent accounts, eventually admitting to holding the gun with a finger on the trigger while the spouse reached for it, and prior emails documented a history of physical abuse between them."
5200,"Police executing a narcotics search warrant at an apartment found the suspect hiding in a locked bedroom, handcuffed the occupants, and separately questioned the suspect after searching. When asked what officers would find that shouldn't be there, the suspect said ""a gun,"" indicating it was in the room though the suspect claimed not to know its exact location. Officers subsequently found a handgun hidden under a mattress amid crates in the bedroom, along with numerous rounds of ammunition, some matching the weapon's caliber, and mail bearing the suspect's alias at that address.  The suspect had prior convictions for drug and firearm offenses."
44350,"A civil protection order required the suspect to stay 500 feet from the victim and leave any area where they inadvertently encountered each other. The suspect parked near the victim in a hospital parking lot, and after realizing the victim had spotted and was photographing the vehicle, remained rather than immediately leaving, then followed the victim's vehicle through an intersection before turning onto a side street despite having other exit options. The suspect later admitted on social media to being present and recognizing the victim."
36740,"The suspect approached a convenience store, drew a gun, and shot a victim without warning as the victim exited, without any argument or display of weapons by the victim beforehand; surveillance video corroborated witnesses' accounts. The suspect claimed the victim and companions had robbed the suspect at gunpoint hours earlier and stolen their identification and a firearm, but the suspect armed themself and confronted the victim roughly four to nine hours later rather than acting in immediate self-defense. The murder weapon was never recovered, though evidence showed the suspect purchased a firearm shortly before the shooting."
8537,"The suspect participated in a gang drive-by shooting targeting rival gang members, and gunfire from the suspect's group killed a bystander. After release from prison for related convictions, the suspect resumed gang activity, including drug distribution. In 2020, the suspect and fellow gang members approached a business with firearms, mistakenly opened fire on a bystander believed to be a rival, seriously wounding them, and then exchanged gunfire with police, with surveillance footage capturing the suspect firing a weapon."
17272,"The suspect was accused of leading a drug trafficking conspiracy distributing methamphetamine, marijuana, cocaine, and hallucinogenic mushrooms, along with related money laundering. Evidence included surveillance footage at a stash house, seized drugs, mail linking the suspect to the location, incriminating messages, and controlled cryptocurrency. A raid on the suspect's home and a stash house led to arrests of alleged co-conspirators, after which the government alleged continued laundering and drug supply activity, though this was later disputed."
48318,"The suspect was charged with illegally appropriating another person's identity and pleaded guilty to the offense. As a result, the suspect received a suspended sentence with probationary supervision under specific conditions. The suspect later failed to comply with those conditions and could not be located, prompting revocation of probation and issuance of an arrest warrant. The suspect was also separately convicted in a federal case for conspiring to distribute large quantities of cocaine and heroin."
19644,"The suspect broke a window to enter a residence and stole several items, including a purse valued at approximately $4,500, before fleeing when the home's alarm system was triggered. The suspect was later identified through DNA collected during a separate burglary investigation in another jurisdiction, which matched evidence from this crime. The suspect had additional burglary-related charges and a conviction in another jurisdiction, with some cases still pending."
1062,"The suspect ran a fraud scheme by falsely presenting as a wealthy, experienced day trader and financial advisor who could guarantee investment returns in stocks or a cannabis store, inducing at least ten investors to give over $150,000. Rather than investing the funds, the suspect spent the money on personal expenses, provided fake promissory notes and fabricated updates to lull victims, and offered false excuses when they sought repayment. When pressed, the suspect sometimes became hostile, including threatening messages to victims."
13806,"Following a rapid mental-health decline involving heavy vaping and psychotic symptoms, the suspect struck a family member, damaged property, barricaded inside a residence with multiple firearms, and made statements interpreted as threats to family. After leaving in a friend's truck while armed, the suspect was stopped by officers seeking a mental-health evaluation, struggled with the friend over the gun, exited the vehicle while ignoring commands, resisted a takedown attempt, and then brandished a revolver, prompting officers to shoot and kill the suspect."
46771,"The appellant was indicted for theft of property valued at less than $2,500, with the charge enhanced due to prior convictions. The opinion does not provide further details about how the theft was committed or the circumstances of the offense."
18315,"A suspect was indicted multiple times over roughly three years for sexual abuse of a child, including aggravated sexual assault, continuous sexual abuse, and sexual assault charges, all arising from the same underlying allegations by a complainant. The prosecution repeatedly dismissed and refiled indictments, citing witness credibility issues, a related out-of-state prosecution, and procedural missteps while the suspect remained largely in custody. No new evidence was ever disclosed to the defense despite the repeated re-indictments, and the case was ultimately dismissed with prejudice due to a speedy trial violation caused by the prosecution's delays."
25323,"The defendant was convicted of aggravated sexual assault of a child involving their younger half-sibling. The victim testified that the defendant sexually abused them repeatedly over several years, beginning when the victim was eight and continuing until age twelve, with the last incident occurring around a specified date. The victim did not report the abuse until they were in their twenties, by which time they had no relationship with the defendant."
29328,"The suspect was observed driving on a freeway at 96 miles per hour in a 55 mile-per-hour zone, as measured by an officer using a speed laser device. The suspect testified at trial that the excessive speed was due to trying to reach a hospital, and was subsequently found guilty of Excessive Speeding based partly on this testimony and the officer's observations."
14128,"During a traffic stop for missing a front license plate and failing to signal, officers identified the driver as a gang member with facial gang tattoos, stopped in rival gang territory; a known violent gang associate then arrived, parked nearby, and called the driver's phone. After removing the suspect from the car and frisking them (finding no weapons), an officer conducted a protective sweep of the vehicle and discovered a loaded handgun under the driver's seat and ammunition in the console. The suspect, a felon, was subsequently charged with unlawful possession of a firearm and ammunition."
22923,"Law enforcement received a tip that a video of child sexual abuse material had been uploaded to a Dropbox account linked to the suspect. Seven months later, officers obtained a search warrant for the suspect's residence based on that single tip and general assertions that CSAM consumers retain such material. During the search, the suspect admitted watching ""animal stuff"" and ""petite"" videos while avoiding content depicting children, and consented to a device search that revealed files depicting child sexual abuse and bestiality."
38046,"Believing an online contact was a 15-year-old child, the 38-year-old suspect engaged in a five-month online conversation, requesting sex, describing sexual acts, and sending photos of their genitals. The suspect arranged to meet for sex, promising alcohol, then purchased alcohol, booked a hotel room, and traveled to the agreed meeting location, where they was arrested. The ""minor"" was actually an undercover investigator posing as a child online."
5559,"The petitioner is an incarcerated individual serving a sentence for unlawful contact with a minor, statutory sexual assault, interference with custody of a child, and corruption of a minor, stemming from a relationship with a minor that the petitioner describes as a ""marriage."" The petitioner maintained innocence throughout a required sex offender treatment program, refusing to admit guilt, and was removed from the program multiple times, affecting parole eligibility."
6463,"After being evicted, the suspect repeatedly returned to the former residence seeking a package, growing visibly angry when told it wasn't there. Later, despite lacking permission and finding the locked back door, the suspect entered the home, walked into the bedroom of an occupant who was alone, demanded property, and advanced toward them before fleeing when a dog intervened. The suspect then lied to police about their whereabouts during the incident."
10457,"The suspect pled guilty to three counts of Hobbs Act robbery affecting commerce and to discharging a firearm during a crime of violence. The suspect also stipulated to committing four additional robberies and to unlawfully possessing a firearm as a convicted felon. The suspect was sentenced to 240 months in prison followed by supervised release, part of which included a contested condition requiring notification of third parties about a risk the suspect might pose."
17466,"The defendant was found guilty of raping and kidnapping a girlfriend's 18-year-old daughter. At trial, evidence included a forensic examination and data extraction from the defendant's cell phone, which the defense argued was corrupted or fabricated, and body-camera footage that had been deleted by police. The defendant repeatedly sought postconviction relief claiming newly discovered evidence about the phone data and footage undermined the conviction."
12466,"State police linked the suspect's IP address to sharing child pornography videos on a peer-to-peer file sharing program, leading to a search warrant and seizure of electronic devices, on which forensic analysis found numerous images of child pornography. The suspect pled guilty to possession of child pornography. The suspect had a prior conviction for recording two nude minor children for sexual gratification."
19222,"During a traffic stop, a passenger gave a false name and date of birth to an officer, then fled on foot when confronted. After being caught, handcuffed, and placed in a patrol vehicle, the suspect kicked and headbutted the vehicle's doors and windows so forcefully that it swerved while moving, cracked plastic window guards, bowed the rear door, and caused the vehicle to be taken out of service for repairs."
46909,"The suspect, a stepparent, was convicted of raping and sexually assaulting their twelve-year-old stepdaughter, with the offenses occurring in the presence of a child. At trial, the suspect denied the allegations and disputed claims about poor living conditions, also describing an incident where the suspect made the victim's sibling do pushups despite a broken wrist. The suspect sought to introduce expert testimony questioning the victim's credibility based on her mental-health history and inconsistencies in her statements."
82,"The defendant pled guilty to Murder in the Second Degree and Possession of a Firearm During the Commission of a Felony, admitting to facts underlying a killing in which a firearm was used. The defendant was sentenced to 30 years at Level V, suspended after 22 years, for the murder, plus a mandatory 3 years for the firearm offense."
47972,"After a dispute over stolen property between roommates who sold drugs, the suspect sent threatening texts and directed a victim to an address where the suspect was staying with associates. When the victim and two companions arrived to retrieve belongings, the suspect and two others armed themselves; the suspect fired a revolver from a window toward the visitors, then shouted threats as the others also opened fire. The barrage struck two victims causing serious injuries, and the suspect later falsely told police the visitors had shot first."
46768,"During a family argument over a video game console, the suspect grabbed a sibling by the throat; the sibling's spouse intervened and restrained the suspect. After being released, the suspect charged the spouse, knocked them to the floor, and placed them in a chokehold, restricting breathing until another family member persuaded the suspect to let go. Police were called and the suspect was arrested. The suspect later continued hostile and harassing behavior toward the spouse and sibling, prompting a protective order application citing fear of future harm."
39279,"A hotel guest was found shot to death in their room after arranging what phone records showed was a paid sexual encounter with an unidentified phone user. Investigators traced text messages and location data through the victim's phone, then through associated numbers, to identify the suspect as someone using an escort alias who had communicated with the victim and whose vehicle matched surveillance footage from the scene. They were later arrested while driving a van later found to contain ammunition matching the type used in the shooting, along with items such as gloves, duct tape, and a baton, though the murder weapon was never recovered."
21178,"In the early morning, a suspect broke into a home, woke the elderly homeowner, demanded to know the location of the homeowner's spouse (a public official), and threatened to tie up and ""take out"" the homeowner. After a lengthy standoff and a 911 call, police arrived, and the suspect wrestled a hammer from the homeowner and struck them in the head, causing skull fractures and a concussion. The suspect admitted they had planned to hold the spouse hostage and had targeted the home due to political grievances."
53938,"The suspect is serving a 111-year sentence after being convicted of first-degree murder and a weapons law violation, described by the parole board as an extremely violent crime demonstrating a grave disregard for human life. "
8068,"A traffic stop of the suspect's vehicle led to discovery of methamphetamine hidden inside a car speaker; a subsequent search of the suspect's apartment uncovered an identical speaker, additional methamphetamine, and a digital scale. Cell phone messages revealed the suspect discussing drug deals and pricing with multiple people, indicating an ongoing drug trafficking and manufacturing operation based at the residence. The suspect initially claimed to have found the speaker with drugs on the roadside.that when questioned about the drugs."
33392,"The defendant was indicted for the stabbing death of a cousin after an argument at an apartment; witnesses saw the defendant stab the victim with a butcher-type knife and flee, and police later found the murder weapon at the defendant's home. When detectives approached the defendant, they immediately said ""you got me"" and eventually identified the knife used. The defendant pleaded guilty to first-degree murder, though they separately alleged that police had physically and psychologically coerced their post-arrest statements and consent to search."
2411,"Police responded to a report that the suspect, who was intoxicated and armed, had damaged a car windshield during an argument with a partner. During a subsequent stop, an officer saw the suspect concealing something in the waistband, prompting the suspect to flee on foot through a downtown area at night. While running, the suspect pulled a loaded handgun from clothing and threw it onto pavement, after which officers quickly recovered the weapon and detained the suspect nearby."
47732,"An unidentified assailant approached the victim while the victim was cleaning a car outside a rented home, grabbed a chain around the victim's neck, and demanded it be surrendered. When the victim did not comply, the assailant shot the victim once in the shoulder. A physical struggle ensued, during which the assailant shot the victim three additional times. The assailant was never identified or apprehended."
43409,"The suspect was arrested and charged with driving under the influence and related offenses after refusing to submit to chemical testing at the time of arrest. Due to that refusal, an administrative agency issued a conviction that led to license revocation actions in the suspect's home jurisdiction. The suspect later went to trial on the criminal charges and was found not guilty, but the license revocation remained in effect based on the earlier refusal to test."
1364,"A social media video showed the suspect pointing a replica firearm at two parked police vehicles while driving past them, apparently while filming content for a YouTube channel. The video was flagged by an out-of-state sheriff's crime analyst and forwarded to local police, who identified the suspect and arrested them the same day. The suspect was charged with inducing panic and possessing a replica firearm, later pleading guilty to the replica firearm offense."
5387,"Following a fistfight at a convenience store where a victim punched the suspect, the suspect and a co-defendant left together in a Jeep. The suspect then drove the Jeep and struck the victim from behind in a parking lot; as the victim tried to stand, the co-defendant, riding as passenger, shot the victim in the neck, killing him. Surveillance video and physical evidence linked both defendants to the vehicle and shooting."
1069,"The victim was found dead in their locked apartment with torn clothing and a brain hemorrhage; a medical examiner ruled the death a homicide, though later experts suggested an accidental fall could not be excluded. The suspect had spent the evening drinking with the victim, left a bar together, admitted to having consensual sex at the victim's apartment, and was the last person known to be with the victim before their death. DNA evidence later matched the suspect, who was indicted nineteen years later."
10876,"The victim was lured or accompanied into a motel room by the suspect and three others who arrived together in a stolen vehicle. Inside the room, the victim was shot twice in the torso and fled before collapsing and dying; the suspect and the others then fled the room covering their faces and left together in the stolen car. The murder weapon, the victim's debit card, and other items were later found in a motel room the suspect had rented under an assumed name, and the suspect was arrested near the stolen vehicle days later.
"
49389,"A trial court issued a lifetime protective order in 2019 after finding that the suspect had been stalking the victim. The order restricted the suspect's conduct, including prohibiting firearm possession while the order remained in effect. The suspect later sought to have the order rescinded or modified, but the underlying finding of stalking formed the basis for the protective order's issuance."
27350,"The suspect left two young children unsupervised for an extended period and returned home intoxicated, resulting in arrest and conviction for abandonment and child endangerment. The suspect also had a documented history of intimate partner violence, described as aggressive within the relationship. Approximately two months before the children were removed from the home, the suspect violated a protective order stemming from a prior domestic violence incident, leading to a felony conviction and subsequent incarceration."
17237,"The suspect was indicted on two counts of menacing by stalking after allegedly repeatedly threatening and harassing a store manager following denial of an employment application. The suspect pleaded guilty to an amended charge of attempted menacing by stalking with an agreed recommendation of probation. At sentencing, the court instead imposed the maximum 12-month prison term without having warned the suspect that it was not bound by the probation recommendation."
19182,"Over two consecutive nights, the suspect made repeated harassing phone calls to a police department complaining about an upstairs neighbor, threatening to have the neighbor ""taken out,"" using a racial slur, and claiming gang affiliation. The suspect also threatened a dispatcher and an officer with violence against them and their families, referenced having guns and dead bodies, and had a history of over sixty prior calls and convictions for similar telephone harassment."
13776,"The suspect was convicted of attempted murder, grand larceny of a vehicle, and three counts of first-degree murder, and was sentenced to death along with additional prison terms. Decades later, a federal court vacated the conviction after finding ineffective assistance of counsel in presenting an insanity defense at trial. When the State sought to retry the case, the suspect was found incompetent to stand trial due to a mental disorder and was subsequently civilly committed after being deemed a danger to self and others."
5953,"The victim was lured to a mechanic shop, attacked, and stabbed numerous times in the neck, arms, and torso, sustaining wounds that penetrated the heart and lungs, resulting in death. The case went unsolved for years until DNA recovered from the crime scene was matched to the suspect, who was already incarcerated for an unrelated crime. The suspect was subsequently tried and convicted of murder for the killing."
45584,"While on supervised probation following a felony forgery conviction, the suspect was subject to a probation compliance check at their home. Officers found a vehicle containing five firearms ""two handguns, a shotgun, and an AR-15 rifle"" along with tactical gear, ammunition, and loaded magazines, some items bearing the suspect's name. The suspect admitted owning a handgun found in the vehicle. The suspect was subsequently charged with five counts of unlawful possession of a firearm by a convicted felon."
13336,"The suspect was reported by a family member for repeatedly sliding a cellphone under bathroom and bedroom doors to secretly film two minor stepchildren; a hidden camera captured the suspect masturbating in a hallway while repeatedly retrieving the phone from outside a stepchild's door. Police reviewed this video and, after confronting the suspect, seized the phone without a warrant, fearing deletion of evidence. A subsequent warrant search revealed photos and videos of all three stepchildren taken from beneath bathroom and bedroom doors."
8058,"The suspect posted a video on social media showing the victim dancing nude with a tampon string visible, leading to a telecommunications harassment charge and guilty plea. After sentencing, which included a no-contact order, the suspect continued posting messages about the victim on social media referencing the case and mocking the victim, violating the no-contact order between the sentencing date and the following months."
10109,"The suspect was reported to have habitually subjected family members to violent physical and psychological abuse, including holding a machete to a spouse's throat while threatening to kill the family, and was previously known to have killed a relative with a machete. After the spouse was shot and killed by an associate, the suspect was accused of ordering the killing; when confronted, the suspect grabbed a machete and warned the accuser to stay silent despite police presence.The suspect was never formally interviewed by police regarding the murder.The suspect was reportedly connected to armed men who later threatened the accuser to stop investigating."
17056,"Responding to a shots-fired call aboard a docked vessel, a detective encountered a suspect matching a detailed BOLO description. Upon eye contact, the suspect placed a hand on the waistband and adjusted a visible bulge, prompting the detective to draw a weapon, order hands up, and lift the suspect's shirt, revealing a concealed firearm. The suspect was then arrested on firearm and public-discharge related charges."
46880,"A suspect angrily confronted a store security officer, cursed, threatened the officer, and refused to comply with orders to stop and leave. When the officer attempted to detain the suspect, the suspect resisted. The suspect was subsequently convicted of disturbing the peace and resisting arrest based on the officer's testimony and bodycam footage."
27830,"Amid a bitter child-custody dispute, the suspect made a series of social media posts accusing a magistrate and the victim of crimes including a pedophilia ring, calling the victim the ""antichrist,"" invoking ""war"" and ""justice,"" and posting a photo of an assault rifle in a car. After police went to the suspect's home, the suspect posted a video wearing military fatigues with a rifle slung across the chest, taunting officers to ""bring it."" The victim reported feeling terrified and sought a protection order, fearing the posts constituted an implied threat of serious physical harm."
6547,"The suspect, who lived with the child's parent, subjected the victim to prolonged starvation, forced the child to sleep in filth, ate from dog bowls, and repeatedly beat the child with fists, a stick, and a belt buckle over several months. After stomping on the victim's head causing severe injury, the suspect refused to seek medical care, continued abusing the victim, and after the victim died, hid and later dumped the body, later giving false explanations to police."
1031,"Two groups arranged a confrontation, with members carrying firearms and wearing masks. After an initial failed encounter, the suspect and an accomplice returned to the area, hid in an alley, and lay in wait for the victim's group. As the victim passed, the suspect opened fire with a handgun, striking the victim multiple times; the victim died at the scene, and the suspect fled on foot."
25885,"Over multiple incidents, the suspect and two codefendants stole property from an elderly victim's rural property, including loading wheels into a truck, towing away a log splitter and four-wheeler, and later returning to retrieve the four-wheeler before being confronted by the victim at gunpoint. A trailer and truck were also taken and the truck sold for scrap. Total stolen tools and property were valued at $23,800."
43466,"Law enforcement stopped a vehicle with an expired registration and no front plate; the driver admitted to lacking a valid license or insurance and having a barred license. When told they would be arrested, the driver said an expletive refusal, then sped away, leading police on a high-speed pursuit through city streets until officers ended the chase for safety reasons. A warrant was issued and the suspect was later located and arrested."
44035,"During an argument at a party, the suspect retrieved a gun from a car and fired at a fleeing person, shooting toward a public park where a parent and their young child were present among many bystanders. The child suffered permanent scarring to the face, neck, shoulder, and back. The suspect had a prior conviction for possessing a loaded handgun found under a car seat during a traffic stop, and was on bond for a federal theft offense when the shooting occurred."
29122,"The defendant, an animal rights activist, organized and participated in ""open rescue"" protests at two commercial poultry farms, entering the properties without permission to document and remove animals believed to be suffering from illness, injury, or neglect. During the incidents, activists entered barns despite owners' repeated demands to leave, removed animals, and some locked themselves to farm equipment, leading to the defendant's arrest at both scenes. The defendant had obtained legal opinions before acting, believing their conduct was legally justified to prevent animal suffering, and was convicted of trespass and conspiracy to commit trespass."
11187,"The defendant crashed a car into a parked vehicle and was hospitalized, where treatment revealed a very high blood alcohol content that the hospital reported to police. A responding officer questioned the defendant in the emergency room hallway after giving Miranda warnings, and the defendant admitted drinking wine and described how the injury occurred. The defendant then verbally agreed to a police-requested blood draw, which showed a blood alcohol level well above the legal limit, leading to DUI and reckless driving charges."
604,"A jury convicted the defendant of third-degree sexual abuse after the child victim testified that while sitting with them on a couch at the suspect's home, the suspect put their hand down the victim's pants and nonconsensually engaged with the victim's groin. The victim was a minor and had known the suspect through family visits. The defendant denied the allegations at trial, testifying in their own defense, but the jury found them guilty after two trials, the first ending in a hung jury."
54261,"In the early morning hours at a gas station parking lot, a silver Mercedes pulled alongside a Nissan Kick and occupants fired multiple gunshots into it as it sped away, striking a child passenger in the back, shoulder, and leg and grazing another passenger. Evidence established the suspect was driving the Mercedes, which was registered to them, with guns pointed and laser sights visible from the vehicle during the shooting. A surviving passenger identified the suspect as having earlier flashed a gun at them. The suspect was convicted of felonious assault with firearm specifications."
45230,"The suspect drove at 96 mph, ran a red light using a turn lane to bypass stopped traffic, and struck another vehicle without braking, killing the driver by severing their body; the suspect then fled the scene on foot and was found nearby in mental distress. The suspect had admitted using drugs and alcohol the night before, and blood tests showed marijuana metabolites but no alcohol. A grand jury indicted the suspect for wanton murder and leaving the scene of a fatal accident."
35579,"After fleeing deputies in a stolen SUV, the suspect was arrested and interrogated for hours about a trailer theft, the SUV theft, and a burglary in which firearms were stolen. The suspect admitted to stealing the trailer and SUV but was evasive about the firearm burglary and a related burglary in which keys were taken from a house. During questioning about the missing firearms, the suspect eventually confessed to entering a home to steal keys and to participating in the firearm burglary, providing details that led police to corroborating surveillance video."
43005,"The defendant, who had been owed money by the victim, approached the victim's parked vehicle demanding payment, became agitated when offered less than expected, and reached through the window and shot the victim once in the thigh with a 9mm pistol, severing the femoral artery. The victim then drove away and returned fire with another gun before dying. The defendant was convicted of reckless homicide, aggravated assault, and firearm possession by a convicted felon, having stipulated to a prior felony crime-of-violence conviction."
2044,"An ex-partner visited the suspect's apartment to retrieve belongings, and the suspect became angry and allegedly strangled the ex-partner. Hours later, the suspect confronted the ex-partner and their parent at a gas station armed with an AR-15 style rifle and fired shots at their car, shattering the windshield though neither victim was struck. The victims fled and contacted police; the shooting was partially captured on video."
39028,"Between August 10-11, a minor victim was killed by multiple stab wounds inflicted with a bladed weapon. The suspect allegedly acted in concert with an accomplice, reaching into a bag, retrieving an object, and handing it to the accomplice, who then used it to inflict the fatal wounds. A witness observed the suspect handling a dark, metallic-colored object shortly before the killing.
"
13785,"The underlying incident involved a shooting in which the suspect shot a victim, causing serious injury including a gunshot wound to the back. The suspect was convicted by a jury of assault with intent to kill while armed, aggravated assault while armed, and related weapons offenses arising from the shooting. At sentencing, the victim testified about resulting injuries, including claims of impotence and infertility, which the suspect later contended were false and improperly influenced the sentence imposed."
17203,"A truck reported stolen by its owner was later found being towed on a highway by the suspect, who worked for a towing company owner that had dispatched the suspect to deliver it. During a traffic stop, the suspect initially relayed the employer's instructed explanation that the truck had been purchased, but the employer separately told police a different story (that an owner had it removed from storage), which the suspect only then recognized as false. No evidence showed the suspect knew beforehand that the truck was stolen or that the story was false prior to overhearing the employer's inconsistent statements to police."
33256,"Officers executed a search warrant at the suspect's home based on an affidavit including a recent anonymous tip that the suspect possessed methamphetamine, large quantities of marijuana, and guns used to protect drugs, corroborated by two informants and surveillance of the property. The search led to indictment on nine drug- and weapon-related counts, and the suspect challenged probable cause as stale and unreliable, though the suppression motion was denied."
262,"Over the summer of 2017, the suspect and two accomplices robbed two Walmart stores at gunpoint and attempted a third, wearing masks, forcing store managers or customers to the ground, taking about $100,000 total, and fleeing in stolen cars. The suspect personally held a gun to a manager's head during one robbery and controlled hostages at gunpoint during another. Investigators identified the suspect through an accomplice's cooperation, cell-phone location data placing the suspect near two targeted stores, and suspicious phone call patterns before the first robbery."
37526,"The defendant discovered their spouse was having an affair with the victim, leading to months of escalating threats, harassment, and confrontations. On the day of the incident, after learning the victim had visited the suspect's spouse again, the defendant drove to the location, exited their vehicle armed with a handgun, and chased the unarmed victim as they fled. The defendant shot the victim six times, including two shots fired after the victim had already fallen to the ground, resulting in the victim's death."
